{
  "hash": "da06f3a0",
  "configHash": "2cb0c98c",
  "lockfileHash": "70b39637",
  "browserHash": "7400a959",
  "optimized": {
    "@angular/cdk/overlay": {
      "src": "../../../../../../node_modules/@angular/cdk/fesm2022/overlay.mjs",
      "file": "@angular_cdk_overlay.js",
      "fileHash": "8854ea9c",
      "needsInterop": false
    },
    "@angular/common": {
      "src": "../../../../../../node_modules/@angular/common/fesm2022/common.mjs",
      "file": "@angular_common.js",
      "fileHash": "a141de36",
      "needsInterop": false
    },
    "@angular/core": {
      "src": "../../../../../../node_modules/@angular/core/fesm2022/core.mjs",
      "file": "@angular_core.js",
      "fileHash": "203ae7d9",
      "needsInterop": false
    },
    "@angular/forms": {
      "src": "../../../../../../node_modules/@angular/forms/fesm2022/forms.mjs",
      "file": "@angular_forms.js",
      "fileHash": "df8f5c3a",
      "needsInterop": false
    },
    "@angular/google-maps": {
      "src": "../../../../../../node_modules/@angular/google-maps/fesm2022/google-maps.mjs",
      "file": "@angular_google-maps.js",
      "fileHash": "e379e245",
      "needsInterop": false
    },
    "@angular/material/autocomplete": {
      "src": "../../../../../../node_modules/@angular/material/fesm2022/autocomplete.mjs",
      "file": "@angular_material_autocomplete.js",
      "fileHash": "9bc45be5",
      "needsInterop": false
    },
    "@angular/material/core": {
      "src": "../../../../../../node_modules/@angular/material/fesm2022/core.mjs",
      "file": "@angular_material_core.js",
      "fileHash": "6a4f0989",
      "needsInterop": false
    },
    "@angular/material/form-field": {
      "src": "../../../../../../node_modules/@angular/material/fesm2022/form-field.mjs",
      "file": "@angular_material_form-field.js",
      "fileHash": "06ad0667",
      "needsInterop": false
    },
    "@angular/material/input": {
      "src": "../../../../../../node_modules/@angular/material/fesm2022/input.mjs",
      "file": "@angular_material_input.js",
      "fileHash": "ba0f5a47",
      "needsInterop": false
    },
    "@angular/platform-browser": {
      "src": "../../../../../../node_modules/@angular/platform-browser/fesm2022/platform-browser.mjs",
      "file": "@angular_platform-browser.js",
      "fileHash": "3ced619d",
      "needsInterop": false
    },
    "@angular/platform-browser/animations": {
      "src": "../../../../../../node_modules/@angular/platform-browser/fesm2022/animations.mjs",
      "file": "@angular_platform-browser_animations.js",
      "fileHash": "680d5c3b",
      "needsInterop": false
    },
    "@angular/router": {
      "src": "../../../../../../node_modules/@angular/router/fesm2022/router.mjs",
      "file": "@angular_router.js",
      "fileHash": "b6f10559",
      "needsInterop": false
    },
    "highcharts": {
      "src": "../../../../../../node_modules/highcharts/highcharts.js",
      "file": "highcharts.js",
      "fileHash": "0e189a90",
      "needsInterop": true
    },
    "highcharts-angular": {
      "src": "../../../../../../node_modules/highcharts-angular/fesm2022/highcharts-angular.mjs",
      "file": "highcharts-angular.js",
      "fileHash": "a052bbbc",
      "needsInterop": false
    },
    "highcharts/highcharts-more": {
      "src": "../../../../../../node_modules/highcharts/highcharts-more.js",
      "file": "highcharts_highcharts-more.js",
      "fileHash": "b7cbe797",
      "needsInterop": true
    },
    "highcharts/modules/windbarb": {
      "src": "../../../../../../node_modules/highcharts/modules/windbarb.js",
      "file": "highcharts_modules_windbarb.js",
      "fileHash": "18c04cb8",
      "needsInterop": true
    },
    "rxjs": {
      "src": "../../../../../../node_modules/rxjs/dist/esm5/index.js",
      "file": "rxjs.js",
      "fileHash": "3337200d",
      "needsInterop": false
    },
    "rxjs/operators": {
      "src": "../../../../../../node_modules/rxjs/dist/esm5/operators/index.js",
      "file": "rxjs_operators.js",
      "fileHash": "520341df",
      "needsInterop": false
    }
  },
  "chunks": {
    "chunk-KM6GB2PH": {
      "file": "chunk-KM6GB2PH.js"
    },
    "chunk-O3IWJMOH": {
      "file": "chunk-O3IWJMOH.js"
    },
    "chunk-4ACFFSE2": {
      "file": "chunk-4ACFFSE2.js"
    },
    "chunk-RA4TCHLP": {
      "file": "chunk-RA4TCHLP.js"
    },
    "chunk-7S76PWFJ": {
      "file": "chunk-7S76PWFJ.js"
    },
    "chunk-I65DVZTX": {
      "file": "chunk-I65DVZTX.js"
    },
    "chunk-KCDKUUSG": {
      "file": "chunk-KCDKUUSG.js"
    },
    "chunk-TTAMARSV": {
      "file": "chunk-TTAMARSV.js"
    },
    "chunk-M4ZQSH5N": {
      "file": "chunk-M4ZQSH5N.js"
    },
    "chunk-5OPE3T2R": {
      "file": "chunk-5OPE3T2R.js"
    },
    "chunk-4N4GOYJH": {
      "file": "chunk-4N4GOYJH.js"
    },
    "chunk-FHTVLBLO": {
      "file": "chunk-FHTVLBLO.js"
    },
    "chunk-3OV72XIM": {
      "file": "chunk-3OV72XIM.js"
    }
  }
}